<?xml version="1.0" encoding="utf-8"?>
<window>
    <allowoverlays>false</allowoverlays>
    <controls>
      <control type="group" id="10001">
        <posx>240</posx>
        <posy>110</posy>
        <width>800</width>
        <height>500</height>
        <control type="image">
          <width>800</width>
          <height>500</height>
          <texture>Windows/DialogBack.png</texture>
        </control>
        <control type="image">
          <height>40</height>
          <width>800</width>
          <texture>Windows/dialogheader.png</texture>
        </control>
        <control type="label" id="10002">
          <posy>10</posy>
          <posx>10</posx>
          <height>34</height>
          <width>725</width>
          <font>font12_title</font>
          <textcolor>0xFFFFA500</textcolor>
          <shadowcolor>black</shadowcolor>
          <align>center</align>
          <aligny>center</aligny>
          <label>$ADDON[plugin.video.icarus 70000]</label>
        </control>
        <control type="button" id="10003">
          <posx>735</posx>
          <posy>15</posy>
          <width>50</width>
          <height>30</height>
          <texturefocus>Controls/DialogCloseButton-focus.png</texturefocus>
          <texturenofocus>Controls/DialogCloseButton.png</texturenofocus>
        </control>
        <control type="image" id="10004">
          <posx>11</posx>
          <posy>41</posy>
          <width>522</width>
          <height>444</height>
          <texture></texture>
          <colordiffuse>55FFFFFF</colordiffuse>
        </control>
        <control type="image" id="10005">
          <posx>535</posx>
          <posy>41</posy>
          <width>255</width>
          <height>444</height>
          <texture></texture>
        </control>
        <control type="label" id="10006">
          <posy>50</posy>
          <posx>20</posx>
          <height>40</height>
          <width>100</width>
          <font>font10</font>
          <textcolor>0xFFFFA500</textcolor>
          <shadowcolor>black</shadowcolor>
          <align>posx</align>
          <aligny>posy</aligny>
          <label></label>
        </control>
        <control type="label" id="10007">
          <posy>50</posy>
          <posx>140</posx>
          <height>40</height>
          <width>365</width>
          <font>font10</font>
          <scrollsuffix> | </scrollsuffix>
          <scroll>true</scroll>
          <textcolor>0xFFFFFFFF</textcolor>
          <shadowcolor>black</shadowcolor>
          <align>posx</align>
          <aligny>posy</aligny>
          <label></label>
        </control>
        <control type="label" id="10008">
          <posy>70</posy>
          <posx>20</posx>
          <height>40</height>
          <width>100</width>
          <font>font10</font>
          <textcolor>0xFFFFA500</textcolor>
          <shadowcolor>black</shadowcolor>
          <align>posx</align>
          <aligny>posy</aligny>
          <label></label>
        </control>
        <control type="label" id="10009">
          <posy>70</posy>
          <posx>140</posx>
          <height>40</height>
          <width>365</width>
          <font>font10</font>
          <scrollsuffix> | </scrollsuffix>
          <scroll>true</scroll>
          <textcolor>0xFFFFFFFF</textcolor>
          <shadowcolor>black</shadowcolor>
          <align>posx</align>
          <aligny>posy</aligny>
          <label></label>
        </control>
        <control type="label" id="100010">
          <posy>90</posy>
          <posx>20</posx>
          <height>40</height>
          <width>100</width>
          <font>font10</font>
          <textcolor>0xFFFFA500</textcolor>
          <shadowcolor>black</shadowcolor>
          <align>posx</align>
          <aligny>posy</aligny>
          <label></label>
        </control>
        <control type="label" id="100011">
          <posy>90</posy>
          <posx>140</posx>
          <height>40</height>
          <width>365</width>
          <font>font10</font>
          <scrollsuffix> | </scrollsuffix>
          <scroll>true</scroll>
          <textcolor>0xFFFFFFFF</textcolor>
          <shadowcolor>black</shadowcolor>
          <align>posx</align>
          <aligny>posy</aligny>
          <label></label>
        </control>
        <control type="label" id="100012">
          <posy>110</posy>
          <posx>20</posx>
          <height>40</height>
          <width>100</width>
          <font>font10</font>
          <textcolor>0xFFFFA500</textcolor>
          <shadowcolor>black</shadowcolor>
          <align>posx</align>
          <aligny>posy</aligny>
          <label></label>
        </control>
        <control type="label" id="100013">
          <posy>110</posy>
          <posx>140</posx>
          <height>40</height>
          <width>365</width>
          <font>font10</font>
          <scrollsuffix> | </scrollsuffix>
          <scroll>true</scroll>
          <textcolor>0xFFFFFFFF</textcolor>
          <shadowcolor>black</shadowcolor>
          <align>posx</align>
          <aligny>posy</aligny>
          <label></label>
        </control>
        <control type="label" id="100014">
          <posy>130</posy>
          <posx>20</posx>
          <height>40</height>
          <width>100</width>
          <font>font10</font>
          <textcolor>0xFFFFA500</textcolor>
          <shadowcolor>black</shadowcolor>
          <align>posx</align>
          <aligny>posy</aligny>
          <label></label>
        </control>
        <control type="label" id="100015">
          <posy>130</posy>
          <posx>140</posx>
          <height>40</height>
          <width>365</width>
          <font>font10</font>
          <scrollsuffix> | </scrollsuffix>
          <scroll>true</scroll>
          <textcolor>0xFFFFFFFF</textcolor>
          <shadowcolor>black</shadowcolor>
          <align>posx</align>
          <aligny>posy</aligny>
          <label></label>
        </control>
        <control type="label" id="100016">
          <posy>150</posy>
          <posx>20</posx>
          <height>40</height>
          <width>100</width>
          <font>font10</font>
          <textcolor>0xFFFFA500</textcolor>
          <shadowcolor>black</shadowcolor>
          <align>posx</align>
          <aligny>posy</aligny>
          <label></label>
        </control>
        <control type="label" id="100017">
          <posy>150</posy>
          <posx>140</posx>
          <height>40</height>
          <width>365</width>
          <font>font10</font>
          <scrollsuffix> | </scrollsuffix>
          <scroll>true</scroll>
          <textcolor>0xFFFFFFFF</textcolor>
          <shadowcolor>black</shadowcolor>
          <align>posx</align>
          <aligny>posy</aligny>
          <label></label>
        </control>
        <control type="label" id="100018">
          <posy>170</posy>
          <posx>20</posx>
          <height>40</height>
          <width>100</width>
          <font>font10</font>
          <textcolor>0xFFFFA500</textcolor>
          <shadowcolor>black</shadowcolor>
          <align>posx</align>
          <aligny>posy</aligny>
          <label></label>
        </control>
        <control type="label" id="100019">
          <posy>170</posy>
          <posx>140</posx>
          <height>40</height>
          <width>365</width>
          <font>font10</font>
          <scrollsuffix> | </scrollsuffix>
          <scroll>true</scroll>
          <textcolor>0xFFFFFFFF</textcolor>
          <shadowcolor>black</shadowcolor>
          <align>posx</align>
          <aligny>posy</aligny>
          <label></label>
        </control>
        <control type="label" id="100020">
          <posy>190</posy>
          <posx>20</posx>
          <height>40</height>
          <width>100</width>
          <font>font10</font>
          <textcolor>0xFFFFA500</textcolor>
          <shadowcolor>black</shadowcolor>
          <align>posx</align>
          <aligny>posy</aligny>
          <label></label>
        </control>
        <control type="label" id="100021">
          <posy>190</posy>
          <posx>140</posx>
          <height>40</height>
          <width>365</width>
          <font>font10</font>
          <scrollsuffix> | </scrollsuffix>
          <scroll>true</scroll>
          <textcolor>0xFFFFFFFF</textcolor>
          <shadowcolor>black</shadowcolor>
          <align>posx</align>
          <aligny>posy</aligny>
          <label></label>
        </control>
        <control type="label" id="100022">
          <posy>210</posy>
          <posx>20</posx>
          <height>40</height>
          <width>505</width>
          <font>font10</font>
          <textcolor>0xFFFFA500</textcolor>
          <shadowcolor>black</shadowcolor>
          <align>center</align>
          <aligny>posy</aligny>
          <label></label>
        </control>
        <control type="textbox" id="100023">
          <posy>230</posy>
          <posx>20</posx>
          <height>185</height>
          <width>505</width>
          <font>font10</font>
          <textcolor>0xFFFFFFFF</textcolor>
          <shadowcolor>black</shadowcolor>
          <wrapmultiline>true</wrapmultiline>
          <autoscroll delay="2000" time="1500" repeat="2000">true</autoscroll>
          <align>justify</align>
          <aligny>posy</aligny>
          <label></label>
        </control>

        <control type="group" id="10024">
          <posy>450</posy>
          <posx>20</posx>
          <width>760</width>
          <height>30</height>

          <control type="button" id="10025">
            <posy>0</posy>
            <posx>0</posx>
            <width>110</width>
            <height>30</height>
            <textwidth>100</textwidth>
            <texturefocus>Controls/KeyboardKey.png</texturefocus>
            <texturenofocus>Controls/KeyboardKeyNF.png</texturenofocus>
            <align>center</align>
            <aligny>center</aligny>
            <label>$ADDON[plugin.video.icarus 70005]</label>
          </control>
          <control type="button" id="10026">
            <posy>0</posy>
            <posx>115</posx>
            <width>110</width>
            <height>30</height>
            <textwidth>100</textwidth>
            <texturefocus>Controls/KeyboardKey.png</texturefocus>
            <texturenofocus>Controls/KeyboardKeyNF.png</texturenofocus>
            <align>center</align>
            <aligny>center</aligny>
            <label>$ADDON[plugin.video.icarus 70006]</label>
          </control>
          <control type="button" id="10027">
            <posy>0</posy>
            <posx>253</posx>
            <width>110</width>
            <height>30</height>
            <textwidth>100</textwidth>
            <texturefocus>Controls/KeyboardKey.png</texturefocus>
            <texturenofocus>Controls/KeyboardKeyNF.png</texturenofocus>
            <align>center</align>
            <aligny>center</aligny>
            <label>$ADDON[plugin.video.icarus 70002]</label>
          </control>
          <control type="button" id="10028">
            <posy>0</posy>
            <posx>390</posx>
            <width>110</width>
            <height>30</height>
            <textwidth>100</textwidth>
            <texturefocus>Controls/KeyboardKey.png</texturefocus>
            <texturenofocus>Controls/KeyboardKeyNF.png</texturenofocus>
            <align>center</align>
            <aligny>center</aligny>
            <label>$ADDON[plugin.video.icarus 70007]</label>
          </control>
          <control type="label" id="100029">
            <posy>0</posy>
            <posx>750</posx>
            <height>30</height>
            <width>110</width>
            <font>font10</font>
            <textcolor>0xFFFFA500</textcolor>
            <shadowcolor>black</shadowcolor>
            <align>right</align>
            <aligny>center</aligny>
            <label></label>
          </control>
        </control>
      </control>
    </controls>
</window>