{
  "active": true,
  "find_videos": {
    "ignore_urls": [],
    "patterns": [
      {
        "pattern": "(bitshare.com/files/[^/]+/[\\w.+\\-_]+)",
        "url": "http://\\1"
      },
      {
        "pattern": "(bitshare.com/files/[a-z0-9]+)[^/a-z0-9]",
        "url": "http://\\1"
      },
      {
        "pattern": "(bitshare.com/\\?f=[\\w+]+)",
        "url": "http://\\1"
      }
    ]
  },
  "free": false,
  "id": "bitshare",
  "name": "bitshare",
  "premium": [
    "realdebrid",
    "alldebrid"
  ],
  "settings": [
    {
      "default": false,
      "enabled": true,
      "id": "black_list",
      "label": "$ADDON[plugin.video.icarus 60654]",
      "type": "bool",
      "visible": true
    },
    {
      "default": 0,
      "enabled": true,
      "id": "favorites_servers_list",
      "label": "$ADDON[plugin.video.icarus 60655]",
      "lvalues": [
        "No",
        "1",
        "2",
        "3",
        "4",
        "5"
      ],
      "type": "list",
      "visible": false
    }
  ]
}