{
    "active": true, 
    "find_videos": {
        "ignore_urls": [],
        "patterns": [
            {
                "pattern": "(http://www.(?:videoweed|bitvid)\\.[a-z]+/file/[a-zA-Z0-9]+)", 
                "url": "\\1"
            }, 
            {
                "pattern": "(http://embed.(?:videoweed|bitvid)\\.[a-z]+/embed.php?v=[a-zA-Z0-9]+)", 
                "url": "\\1"
            }
        ]
    }, 
    "free": true, 
    "id": "bitvidsx", 
    "name": "bitvidsx", 
    "settings": [
        {
            "default": false, 
            "enabled": true, 
            "id": "black_list", 
            "label": "$ADDON[plugin.video.icarus 60654]", 
            "type": "bool", 
            "visible": true
        }, 
        {
            "default": 0,
            "enabled": true, 
            "id": "favorites_servers_list", 
            "label": "$ADDON[plugin.video.icarus 60655]", 
            "lvalues": [
                "No", 
                "1", 
                "2", 
                "3", 
                "4", 
                "5"
            ], 
            "type": "list", 
            "visible": false
        }
    ]
}