{
    "id": "cloudifer",
    "name": "cloudifer",
    "active": true,
    "free": true,
    "thumbnail": "https:\/\/cloudifer.net\/themes\/gravity_blue\/images\/main_logo_inverted.png",
    "find_videos": {
        "patterns": [
            {
                "pattern": "(?:\\\/\\\/|\\.)cloudifer.\\w+\\\/(?:embed(?:\\\/))?([a-zA-Z0-9]+)",
                "url": "https:\/\/cloudifer.net\/embed\/\\1"
            }
        ],
        "ignore_urls": []
    },
    "settings": [
        {
            "default": false,
            "enabled": true,
            "id": "black_list",
            "label": "$ADDON[plugin.video.icarus 60654]",
            "type": "bool",
            "visible": true
        },
        {
            "default": "100",
            "enabled": true,
            "id": "favorites_servers_list",
            "label": "$ADDON[plugin.video.icarus 60655]",
            "lvalues": [
                "No",
                "1",
                "2",
                "3",
                "4",
                "5"
            ],
            "type": "list",
            "visible": false
        }
    ]
}
