{
    "id": "exashare",
    "name": "exashare",
    "active": true,
    "free": true,
    "thumbnail": "http:\/\/media.tvalacarta.info\/servers\/server_exashare.png",
    "find_videos": {
        "patterns": [
            {
                "pattern": "\/\/(?:www\\.)?exashare\\.com\/(?:embed-)?(?!make)(?!image)(?!login)(?!contact)(?!player)([0-9A-Za-z]+)(?:\\-[0-9]+x[0-9]+\\.html)?",
                "url": "http:\/\/exashare.com\/embed-\\1.html"
            }
        ],
        "ignore_urls": [        ]
    },
    "settings": [
        {
            "default": false,
            "enabled": true,
            "id": "black_list",
            "label": "$ADDON[plugin.video.icarus 60654]",
            "type": "bool",
            "visible": true
        },
        {
            "default": "100",
            "enabled": true,
            "id": "favorites_servers_list",
            "label": "$ADDON[plugin.video.icarus 60655]",
            "lvalues": [
                "No",
                "1",
                "2",
                "3",
                "4",
                "5"
            ],
            "type": "list",
            "visible": false
        }
    ]
}
