{
  "active": true,
  "find_videos": {
    "ignore_urls": [],
    "patterns": [
      {
        "pattern": "filez.tv/(?:embed/u=)?([A-z0-9]+)",
        "url": "http://filez.tv/embed/u=\\1"
      }
    ]
  },
  "free": true,
  "id": "filez",
  "name": "filez",
  "settings": [
    {
      "default": false,
      "enabled": true,
      "id": "black_list",
      "label": "$ADDON[plugin.video.icarus 60654]",
      "type": "bool",
      "visible": true
    },
    {
      "default": 0,
      "enabled": true,
      "id": "favorites_servers_list",
      "label": "$ADDON[plugin.video.icarus 60655]",
      "lvalues": [
        "No",
        "1",
        "2",
        "3",
        "4",
        "5"
      ],
      "type": "list",
      "visible": false
    }
  ],
  "thumbnail": "http://i.imgur.com/HasfjUH.png"
}