{
  "active": true,
  "find_videos": {
    "ignore_urls": [],
    "patterns": [
      {
        "pattern": "flashx.(?:tv|pw|ws|sx|to)/(?:embed.php\\?c=|embed-|playvid-|)([A-z0-9]+)",
        "url": "https://www.flashx.tv/\\1.html"
      }
    ]
  },
  "free": true,
  "id": "flashx",
  "name": "flashx",
  "settings": [
    {
      "default": false,
      "enabled": true,
      "id": "black_list",
      "label": "$ADDON[plugin.video.icarus 60654]",
      "type": "bool",
      "visible": true
    },
    {
      "default": 0,
      "enabled": true,
      "id": "favorites_servers_list",
      "label": "$ADDON[plugin.video.icarus 60655]",
      "lvalues": [
        "No",
        "1",
        "2",
        "3",
        "4",
        "5"
      ],
      "type": "list",
      "visible": false
    }
  ],
  "thumbnail": "server_flashx.png"
}
