{
    "id": "nowvideo",
    "name": "nowvideo",
    "active": true,
    "free": true,
    "thumbnail": "http:\/\/media.tvalacarta.info\/servers\/server_nowvideo.png",
    "find_videos": {
        "patterns": [
            {
                "pattern": "nowvideo\\.(?:club|li|co|eu|sx|pw)\\\/(?:video\\\/|embed.php\\?.*v=)([A-z0-9]+)",
                "url": "http:\/\/www.nowvideo.club\/video\/\\1"
            }
        ],
        "ignore_urls": [        ]
    },
    "settings": [
        {
            "default": false,
            "enabled": true,
            "id": "black_list",
            "label": "$ADDON[plugin.video.icarus 60654]",
            "type": "bool",
            "visible": true
        },
        {
            "default": "100",
            "enabled": true,
            "id": "favorites_servers_list",
            "label": "$ADDON[plugin.video.icarus 60655]",
            "lvalues": [
                "No",
                "1",
                "2",
                "3",
                "4",
                "5"
            ],
            "type": "list",
            "visible": false
        },
        {
            "default": false,
            "enabled": true,
            "id": "premium",
            "label": "$ADDON[plugin.video.icarus 70272]",
            "type": "bool",
            "visible": true
        },
        {
            "default": {},
            "enabled": "eq(-1,true)",
            "id": "user",
            "label": "$ADDON[plugin.video.icarus 30014]",
            "type": "text",
            "visible": true
        },
        {
            "default": {},
            "enabled": "eq(-2,true)+!eq(-1,'')",
            "hidden": true,
            "id": "password",
            "label": "$ADDON[plugin.video.icarus 30015]",
            "type": "text",
            "visible": true
        }
    ]
}
