{
  "active": true,
  "find_videos": {
    "ignore_urls": [],
    "patterns": [
      {
        "pattern": "http://www.pelismundo.com/gkvip/vip/playervip3/.*?id=([A-z0-9]+)",
        "url": "http://www.pelismundo.com/gkvip/vip/playervip3/player.php?id=\\1"
      }
    ]
  },
  "free": true,
  "id": "pelismundo",
  "name": "pelismundo",
  "settings": [
    {
      "default": false,
      "enabled": true,
      "id": "black_list",
      "label": "$ADDON[plugin.video.icarus 60654]",
      "type": "bool",
      "visible": true
    },
    {
      "default": 0,
      "enabled": true,
      "id": "favorites_servers_list",
      "label": "$ADDON[plugin.video.icarus 60655]",
      "lvalues": [
        "No",
        "1",
        "2",
        "3",
        "4",
        "5"
      ],
      "type": "list",
      "visible": false
    }
  ],
  "thumbnail": "https://s26.postimg.org/72c9mr3ux/pelismundo1.png"
}
