{
  "active": true,
  "find_videos": {
    "ignore_urls": [],
    "patterns": [
      {
        "pattern": "(?:cdn|config).playwire.com(?:/v2|)/(\\d+)/(?:embed|videos/v2|config)/(\\d+)",
        "url": "http://config.playwire.com/\\1/videos/v2/\\2/zeus.json"
      }
    ]
  },
  "free": true,
  "id": "playwire",
  "name": "playwire",
  "settings": [
    {
      "default": false,
      "enabled": true,
      "id": "black_list",
      "label": "$ADDON[plugin.video.icarus 60654]",
      "type": "bool",
      "visible": true
    },
    {
      "default": 0,
      "enabled": true,
      "id": "favorites_servers_list",
      "label": "$ADDON[plugin.video.icarus 60655]",
      "lvalues": [
        "No",
        "1",
        "2",
        "3",
        "4",
        "5"
      ],
      "type": "list",
      "visible": false
    }
  ]
}