{
  "active": true,
  "find_videos": {
    "ignore_urls": [],
    "patterns": [
      {
        "pattern": "http://tusfiles.org/\\?([A-z0-9]+)",
        "url": "http://tusfiles.org/?\\1/"
      },
      {
        "pattern": "tusfiles.net/(?:embed-|)([A-z0-9]+)",
        "url": "http://tusfiles.net/\\1"
      }
    ]
  },
  "free": true,
  "id": "tusfiles",
  "name": "tusfiles",
  "settings": [
    {
      "default": false,
      "enabled": true,
      "id": "black_list",
      "label": "$ADDON[plugin.video.icarus 60654]",
      "type": "bool",
      "visible": true
    },
    {
      "default": 0,
      "enabled": true,
      "id": "favorites_servers_list",
      "label": "$ADDON[plugin.video.icarus 60655]",
      "lvalues": [
        "No",
        "1",
        "2",
        "3",
        "4",
        "5"
      ],
      "type": "list",
      "visible": false
    }
  ]
}