{
  "active": true,
  "find_videos": {
    "ignore_urls": [
      "http://uploaded.net/file/ref"
    ],
    "patterns": [
      {
        "pattern": "(?:ul|uploaded).(?:net|to)/(?:file/|f/)?([a-zA-Z0-9]+)",
        "url": "http://uploaded.net/file/\\1"
      },
      {
        "pattern": "(?:ul|uploaded).(?:net|to)/folder/([a-zA-Z0-9]+)",
        "url": "http://uploaded.net/folder/\\1"
      }
    ]
  },
  "free": false,
  "id": {
    "value": [
      "uploadedto",
      "ul.to",
      "uploaded"
    ]
  },
  "name": "uploadedto",
  "premium": [
    "uploadedto",
    "realdebrid",
    "alldebrid"
  ],
  "settings": [
    {
      "default": false,
      "enabled": true,
      "id": "black_list",
      "label": "$ADDON[plugin.video.icarus 60654]",
      "type": "bool",
      "visible": true
    },
    {
      "default": 0,
      "enabled": true,
      "id": "favorites_servers_list",
      "label": "$ADDON[plugin.video.icarus 60655]",
      "lvalues": [
        "No",
        "1",
        "2",
        "3",
        "4",
        "5"
      ],
      "type": "list",
      "visible": false
    },
    {
      "default": false,
      "enabled": true,
      "id": "premium",
      "label": "$ADDON[plugin.video.icarus 70272]",
      "type": "bool",
      "visible": true
    },
    {
      "default": "",
      "enabled": "eq(-1,true)",
      "id": "user",
      "label": "$ADDON[plugin.video.icarus 30014]",
      "type": "text",
      "visible": true
    },
    {
      "default": "",
      "enabled": "eq(-2,true)+!eq(-1,'')",
      "hidden": true,
      "id": "password",
      "label": "$ADDON[plugin.video.icarus 30015]",
      "type": "text",
      "visible": true
    }
  ],
  "thumbnail": "server_uploadedto.png"
}