{
  "active": true,
  "find_videos": {
    "ignore_urls": [],
    "patterns": [
      {
        "pattern": "href=\"http://www.veoh.com/.*?permalinkId=([^&\"]+)\"",
        "url": "\\1"
      },
      {
        "pattern": "pattern=\"http://www.veoh.com/static/swf/webplayer/WebPlayer.swf.*?permalinkId=([^&]+)=videodetailsembedded=0=anonymous\"",
        "url": "\\1"
      }
    ]
  },
  "free": true,
  "id": "veoh",
  "name": "veoh",
  "settings": [
    {
      "default": false,
      "enabled": true,
      "id": "black_list",
      "label": "$ADDON[plugin.video.icarus 60654]",
      "type": "bool",
      "visible": true
    },
    {
      "default": 0,
      "enabled": true,
      "id": "favorites_servers_list",
      "label": "$ADDON[plugin.video.icarus 60655]",
      "lvalues": [
        "No",
        "1",
        "2",
        "3",
        "4",
        "5"
      ],
      "type": "list",
      "visible": false
    }
  ]
}