{
  "active": true,
  "find_videos": {
    "ignore_urls": [],
    "patterns": [
      {
        "pattern": "(?:vidgg.to|vid.gg)/(?:embed/|video/)([a-z0-9]+)",
        "url": "http://vidgg.to/video/\\1"
      }
    ]
  },
  "free": true,
  "id": "vidgg",
  "name": "vidgg",
  "settings": [
    {
      "default": false,
      "enabled": true,
      "id": "black_list",
      "label": "$ADDON[plugin.video.icarus 60654]",
      "type": "bool",
      "visible": true
    },
    {
      "default": 0,
      "enabled": true,
      "id": "favorites_servers_list",
      "label": "$ADDON[plugin.video.icarus 60655]",
      "lvalues": [
        "No",
        "1",
        "2",
        "3",
        "4",
        "5"
      ],
      "type": "list",
      "visible": false
    }
  ]
}