{
  "active": true,
  "find_videos": {
    "ignore_urls": [
      "http://vidspot.net/embed-theme.html",
      "http://vidspot.net/embed-jquery.html",
      "http://vidspot.net/embed-s.html",
      "http://vidspot.net/embed-images.html",
      "http://vidspot.net/embed-faq.html",
      "http://vidspot.net/embed-embed.html",
      "http://vidspot.net/embed-ri.html",
      "http://vidspot.net/embed-d.html",
      "http://vidspot.net/embed-css.html",
      "http://vidspot.net/embed-js.html",
      "http://vidspot.net/embed-player.html",
      "http://vidspot.net/embed-cgi.html",
      "http://vidspot.net/embed-i.html",
      "http://vidspot.net/images",
      "http://vidspot.net/theme",
      "http://vidspot.net/xupload",
      "http://vidspot.net/s",
      "http://vidspot.net/js",
      "http://vidspot.net/jquery",
      "http://vidspot.net/login",
      "http://vidspot.net/make",
      "http://vidspot.net/i",
      "http://vidspot.net/faq",
      "http://vidspot.net/tos",
      "http://vidspot.net/premium",
      "http://vidspot.net/checkfiles",
      "http://vidspot.net/privacy",
      "http://vidspot.net/refund",
      "http://vidspot.net/links",
      "http://vidspot.net/contact"
    ],
    "patterns": [
      {
        "pattern": "vidspot.(?:net/|php\\?id=)(?:embed-)?([a-z0-9]+)",
        "url": "http://vidspot.net/\\1"
      }
    ]
  },
  "free": true,
  "id": "vidspot",
  "name": "vidspot",
  "settings": [
    {
      "default": false,
      "enabled": true,
      "id": "black_list",
      "label": "$ADDON[plugin.video.icarus 60654]",
      "type": "bool",
      "visible": true
    },
    {
      "default": 0,
      "enabled": true,
      "id": "favorites_servers_list",
      "label": "$ADDON[plugin.video.icarus 60655]",
      "lvalues": [
        "No",
        "1",
        "2",
        "3",
        "4",
        "5"
      ],
      "type": "list",
      "visible": false
    }
  ],
  "thumbnail": "server_vidspot.png"
}