{
  "active": true,
  "find_videos": {
    "ignore_urls": [],
    "patterns": [
      {
        "pattern": "vidzi.tv/embed-([a-z0-9A-Z]+)",
        "url": "http://vidzi.tv/embed-\\1.html"
      },
      {
        "pattern": "vidzi.tv/([a-z0-9A-Z]+)",
        "url": "http://vidzi.tv/embed-\\1.html"
      }
    ]
  },
  "free": true,
  "id": "vidzi",
  "name": "vidzi",
  "settings": [
    {
      "default": false,
      "enabled": true,
      "id": "black_list",
      "label": "$ADDON[plugin.video.icarus 60654]",
      "type": "bool",
      "visible": true
    },
    {
      "default": 0,
      "enabled": true,
      "id": "favorites_servers_list",
      "label": "$ADDON[plugin.video.icarus 60655]",
      "lvalues": [
        "No",
        "1",
        "2",
        "3",
        "4",
        "5"
      ],
      "type": "list",
      "visible": false
    }
  ],
  "thumbnail": "https://s1.postimg.org/597or3a31b/vidzi1.png"
}
