{
  "active": true,
  "find_videos": {
    "ignore_urls": [],
    "patterns": [
      {
        "pattern": "(?:vimeo.com/|player.vimeo.com/video/)([0-9]+)",
        "url": "https://player.vimeo.com/video/\\1"
      }
    ]
  },
  "free": true,
  "id": "vimeo",
  "name": "vimeo",
  "premium": [
    "realdebrid",
    "alldebrid"
  ],
  "settings": [
    {
      "default": false,
      "enabled": true,
      "id": "black_list",
      "label": "$ADDON[plugin.video.icarus 60654]",
      "type": "bool",
      "visible": true
    },
    {
      "default": 0,
      "enabled": true,
      "id": "favorites_servers_list",
      "label": "$ADDON[plugin.video.icarus 60655]",
      "lvalues": [
        "No",
        "1",
        "2",
        "3",
        "4",
        "5"
      ],
      "type": "list",
      "visible": false
    }
  ],
  "thumbnail": "https://s26.postimg.org/vo685y2bt/vimeo1.png"
}
