{
  "active": true,
  "find_videos": {
    "ignore_urls": [],
    "patterns": [
      {
        "pattern": "vimple.ru/iframe/([a-f0-9]+)",
        "url": "http://player.vimple.ru/iframe/\\1"
      }
    ]
  },
  "free": true,
  "id": {
    "value": [
      "vimpleru",
      "vimple"
    ]
  },
  "name": "vimpleru",
  "settings": [
    {
      "default": false,
      "enabled": true,
      "id": "black_list",
      "label": "$ADDON[plugin.video.icarus 60654]",
      "type": "bool",
      "visible": true
    },
    {
      "default": 0,
      "enabled": true,
      "id": "favorites_servers_list",
      "label": "$ADDON[plugin.video.icarus 60655]",
      "lvalues": [
        "No",
        "1",
        "2",
        "3",
        "4",
        "5"
      ],
      "type": "list",
      "visible": false
    }
  ],
  "thumbnail": "server_vimpleru.png"
}