{
  "active": true,
  "find_videos": {
    "patterns": [
      {
        "pattern": "(vshare.io/v/[a-zA-Z0-9/-]+)",
        "url": "http://\\1"
      }
    ]
  },
  "free": true,
  "id": [
    "vshare"
  ],
  "name": "vshare",
  "settings": [
    {
      "default": false,
      "enabled": true,
      "id": "black_list",
      "label": "$ADDON[plugin.video.icarus 60654]",
      "type": "bool",
      "visible": true
    },
    {
      "default": 0,
      "enabled": true,
      "id": "favorites_servers_list",
      "label": "$ADDON[plugin.video.icarus 60655]",
      "lvalues": [
        "No",
        "1",
        "2",
        "3",
        "4",
        "5"
      ],
      "type": "list",
      "visible": false
    }
  ],
  "thumbnail": "server_vshare.png"
}
