{
  "active": true,
  "find_videos": {
    "ignore_urls": [],
    "patterns": [
      {
        "pattern": "youtube(?:-nocookie)?\\.com/(?:(?:(?:v/|embed/))|(?:(?:watch(?:_popup)?(?:\\.php)?)?(?:\\?|#!?)(?:.+&)?v=))?([0-9A-Za-z_-]{11})",
        "url": "http://www.youtube.com/watch?v=\\1"
      },
      {
        "pattern": "www.youtube.*?v(?:=|%3D)([0-9A-Za-z_-]{11})",
        "url": "http://www.youtube.com/watch?v=\\1"
      },
      {
        "pattern": "youtube.com/v/([0-9A-Za-z_-]{11})",
        "url": "http://www.youtube.com/watch?v=\\1"
      }
    ]
  },
  "free": true,
  "id": "youtube",
  "name": "youtube",
  "premium": [
    "realdebrid",
    "alldebrid"
  ],
  "settings": [
    {
      "default": false,
      "enabled": true,
      "id": "black_list",
      "label": "$ADDON[plugin.video.icarus 60654]",
      "type": "bool",
      "visible": true
    },
    {
      "default": 0,
      "enabled": true,
      "id": "favorites_servers_list",
      "label": "$ADDON[plugin.video.icarus 60655]",
      "lvalues": [
        "No",
        "1",
        "2",
        "3",
        "4",
        "5"
      ],
      "type": "list",
      "visible": false
    }
  ],
  "thumbnail": "server_youtube.png"
}