{
    "id": "altadefinizioneclub",
    "name": "AltadefinizioneClub",
    "active": true,
    "adult": false,
    "language": [
        "it"
    ],
    "thumbnail": "http:\/\/altadefinizione.bid\/wp-content\/themes\/altedefinizioni\/images\/logo-alte.png",
    "bannermenu": "http:\/\/altadefinizione.bid\/wp-content\/themes\/altedefinizioni\/images\/logo-alte.png",
    "categories": [
        "movie"
    ],
    "settings": [
        {
            "id": "include_in_global_search",
            "type": "bool",
            "label": "Includi ricerca globale",
            "default": true,
            "enabled": true,
            "visible": true
        }
    ]
}
