{
	"id": "altadefinizione01",
	"name": "Altadefinizione01",
	"language": ["it"],
	"active": true,
	"adult": false,
	"thumbnail": "https://raw.githubusercontent.com/Zanzibar82/images/master/posters/altadefinizione01.png",
	"banner": "https://raw.githubusercontent.com/Zanzibar82/images/master/posters/altadefinizione01.png",
	"categories": [
      "movie",
      "tvshow",
      "top channels"
	],
	"settings": [
		{
		  "id": "include_in_global_search",
		  "type": "bool",
		  "label": "Incluir en busqueda global",
		  "default": false,
		  "enabled": false,
		  "visible": false
		},
		{
		  "id": "include_in_newest_film",
		  "type": "bool",
		  "label": "Includi in novità - Film",
		  "default": true,
		  "enabled": true,
		  "visible": true
		}
	  ]
}
