{
    "id": "animestream",
    "name": "Animestream",
    "active": true,
    "adult": false,
    "language": [
        "it"
    ],
    "thumbnail": "http:\/\/i.imgur.com\/83bw6iB.jpg",
    "bannermenu": "http:\/\/i.imgur.com\/83bw6iB.jpg",
    "categories": [
        "anime"
    ],
    "settings": [
        {
            "id": "include_in_global_search",
            "type": "bool",
            "label": "Includi ricerca globale",
            "default": false,
            "enabled": false,
            "visible": false
        }
    ]
}
