{
    "id": "animeleggendari",
    "name": "AnimeLeggendari",
    "active": true,
    "adult": false,
    "language": [
        "it"
    ],
    "thumbnail": "https://animeleggendari.com/wp-content/uploads/2018/01/123header.jpg",
    "bannermenu": "https://animeleggendari.com/wp-content/uploads/2018/01/123header.jpg",
    "categories": [
        "anime"
    ],
    "settings": [
        {
            "id": "include_in_global_search",
            "type": "bool",
            "label": "Includi ricerca globale",
            "default": false,
            "enabled": false,
            "visible": false
        },
        {
            "id": "include_in_newest_anime",
            "type": "bool",
            "label": "Includi in novit\u00e0 - Anime",
            "default": false,
            "enabled": false,
            "visible": false
        }
    ]
}
