{
    "id": "animesenzalimiti",
    "name": "AnimeSenzaLimiti",
    "active": true,
    "adult": false,
    "language": [
        "it"
    ],
    "thumbnail": "https:\/\/animesenzalimiti.org\/wp-content\/uploads\/2017\/07\/immagine-testata.jpg",
    "bannermenu": "https:\/\/animesenzalimiti.org\/wp-content\/uploads\/2017\/07\/immagine-testata.jpg",
    "categories": [
        "anime"
    ],
    "settings": [
        {
            "id": "include_in_global_search",
            "type": "bool",
            "label": "Includi ricerca globale",
            "default": false,
            "enabled": false,
            "visible": false
        },
        {
            "id": "include_in_newest_anime",
            "type": "bool",
            "label": "Includi in novit\u00e0 - Anime",
            "default": false,
            "enabled": false,
            "visible": false
        }
    ]
}
