{
 "channel": {
  "id": "libreria", 
  "name": "Biblioteca", 
  "active": "false", 
  "adult": "false", 
  "language": "it", 
  "fanart": null, 
  "thumbnail": null, 
  "bannermenu": null, 
  "version": "18", 
  "changes": {
   "change": {
    "date": "13/04/2018", 
    "autor": "axlt2002", 
    "description": "added filter for \"SUB ITA\""
   }
  }, 
  "include_in_global_search": "disabled", 
  "settings": [
   {
    "id": "updatelibrary", 
    "type": "list", 
    "label": "Aggiornamento libreria:", 
    "default": "1", 
    "visible": "true", 
    "lvalues": [
     "Mai", 
     "Quando si avvia Kodi", 
     "Quotidiano", 
     "Quando si avvia Kodi e quotidiano"
    ]
   }, 
   {
    "id": "updatelibrary_wait", 
    "type": "list", 
    "label": "- Attendere prima di aggiornare", 
    "default": "0", 
    "visible": "true", 
    "enabled": "eq(-1,Quando si avvia Kodi)|eq(-1,Quando si avvia Kodi e quotidiano)", 
    "lvalues": [
     "No", 
     "10 sec", 
     "20 sec", 
     "30 sec", 
     "60 sec"
    ]
   }, 
   {
    "id": "everyday_delay", 
    "type": "list", 
    "label": "- Aggiorna a partire dalle", 
    "default": "1", 
    "visible": "true", 
    "enabled": "eq(-2,Una sola volta al giorno)|eq(-2,Quando si avvia Kodi e quotidiano)", 
    "lvalues": [
     "00:00", 
     "04:00", 
     "08:00", 
     "12:00"
    ]
   }, 
   {
    "id": "updatetvshows_interval", 
    "type": "list", 
    "label": "- Cercare nuovi episodi nella serie attiva", 
    "default": "0", 
    "visible": "true", 
    "enabled": "!eq(-3,Mai)", 
    "lvalues": [
     "Sempre", 
     "Secondo emissione"
    ]
   }, 
   {
    "id": "search_new_content", 
    "type": "list", 
    "label": "- Esegui la ricerca di contenuti", 
    "default": "0", 
    "enabled": "!eq(-4,Nunca)", 
    "lvalues": [
     "Nella cartella di ogni serie", 
     "Tutta la biblioteca"
    ]
   }, 
   {
    "id": "clean_after_update", 
    "type": "bool", 
    "label": "- Pulire la libreria dopo l'aggiornamento", 
    "enabled": "!eq(-5,Nunca)", 
    "default": "false"
   }, 
   {
    "id": "addlibrary", 
    "type": "label", 
    "label": "Aggiunta alla libreria:", 
    "enabled": "true", 
    "visible": "true"
   }, 
   {
    "id": "filtersub", 
    "type": "bool", 
    "label": "- Escludi stream di tipo \"SUB ITA\"", 
    "default": "false", 
    "visible": "true"
   }, 
   {
    "id": "window_type", 
    "type": "list", 
    "label": "Mostra collegamenti in", 
    "default": "1", 
    "enabled": "true", 
    "visible": "true", 
    "lvalues": [
     "Finestra convenzionale", 
     "Finestra pop-up"
    ]
   }, 
   {
    "id": "max_links", 
    "type": "list", 
    "label": "- Numero massimo di collegamenti da mostrare (Raccomandato per i dispositivi lenti)", 
    "default": "0", 
    "enabled": "true", 
    "visible": "true", 
    "lvalues": [
     "Tutti", 
     "30", 
     "60", 
     "90", 
     "120", 
     "150", 
     "180", 
     "210"
    ]
   }, 
   {
    "id": "white_list_order", 
    "type": "bool", 
    "label": "- Ordina per whitelist", 
    "enabled": "true", 
    "visible": "true", 
    "default": "false"
   }, 
   {
    "id": "quit_channel_name", 
    "type": "bool", 
    "label": "- Rimuovi il nome del canale dalla lista episodi", 
    "enabled": "true", 
    "visible": "true", 
    "default": "false"
   }, 
   {
    "id": "replace_VD", 
    "type": "bool", 
    "label": "- Pop: Sostituire \"View\" con \"[V]\" e \"Scarica\" con \"[D]\"", 
    "enabled": "false", 
    "visible": "false", 
    "default": "false"
   }, 
   {
    "id": "library_mode", 
    "type": "list", 
    "label": "Locazione Database", 
    "default": "0", 
    "enabled": "true", 
    "visible": "true", 
    "lvalues": [
     "Locale", 
     "Remota"
    ]
   }, 
   {
    "id": "xbmc_host", 
    "type": "text", 
    "label": "Nome server", 
    "visible": "true", 
    "enabled": "eq(-1,Remota)", 
    "default": null
   }, 
   {
    "id": "xbmc_puerto", 
    "type": "text", 
    "label": "Porta server", 
    "enabled": "!eq(-1,'')", 
    "visible": "true", 
    "default": null
   }, 
   {
    "id": "mark_as_watched", 
    "type": "bool", 
    "label": "Contrassegnato automaticamente quando visto", 
    "default": "true", 
    "enabled": "true", 
    "visible": "true"
   }, 
   {
    "id": "watched_setting", 
    "type": "list", 
    "label": "- Tempo di visione del video", 
    "default": "3", 
    "visible": "true", 
    "enabled": "eq(-1,true)", 
    "lvalues": [
     "5 min", 
     "30%", 
     "50%", 
     "80%", 
     "0 sec"
    ]
   }, 
   {
    "id": "sync_trakt", 
    "type": "label", 
    "label": "Sincronizzazione con Trakt", 
    "enabled": "true", 
    "visible": "true"
   }, 
   {
    "id": "sync_trakt_watched", 
    "type": "bool", 
    "label": "- Dopo aver segnato l'episodio come visto", 
    "default": "false", 
    "visible": "true", 
    "enabled": "eq(-3,true)"
   }, 
   {
    "id": "sync_trakt_notification", 
    "type": "bool", 
    "label": "Mostra notifica", 
    "default": "true", 
    "visible": "true", 
    "enabled": "eq(-1,true)"
   }, 
   {
    "id": "sync_trakt_new_tvshow", 
    "type": "bool", 
    "label": "- All'aggiunta di una nuova serie alla libreria", 
    "default": "false", 
    "enabled": "true", 
    "visible": "true"
   }, 
   {
    "id": "sync_trakt_new_tvshow_wait", 
    "type": "bool", 
    "label": "Attendere che la serie sia aggiunta alla libreria", 
    "default": "true", 
    "visible": "true", 
    "enabled": "eq(-1,true)"
   }, 
   {
    "id": "show_all_seasons", 
    "type": "bool", 
    "label": "Mostra l'opzione \"Tutte le stagioni\"", 
    "default": "true"
   }, 
   {
    "id": "no_pile_on_seasons", 
    "type": "list", 
    "label": "Non unire le stagioni delle serie", 
    "default": "1", 
    "lvalues": [
     "Mai", 
     "Solo se c'\u00e8 una stagione", 
     "Sempre"
    ]
   }, 
   {
    "id": "ask_channel", 
    "type": "bool", 
    "label": "Mostra dialogo di selezione dei canali", 
    "default": "false"
   }, 
   {
    "id": "original_title_folder", 
    "type": "list", 
    "label": "Creare directory sul sistema utilizzando", 
    "default": "0", 
    "lvalues": [
     "Titolo in italiano", 
     "Titolo originale"
    ]
   }, 
   {
    "id": "lab_1", 
    "type": "label", 
    "label": "Con l'aggiunta di contenuti, ottieni informazioni di:", 
    "enabled": "true", 
    "visible": "true"
   }, 
   {
    "id": "scraper_movies", 
    "type": "list", 
    "label": "Film", 
    "enabled": "false", 
    "default": "0", 
    "lvalues": [
     "TheMovieDB.org", 
     "None"
    ]
   }, 
   {
    "id": "scraper_tvshows", 
    "type": "list", 
    "label": "Serie TV", 
    "default": "0", 
    "lvalues": [
     "TheMovieDB.org", 
     "TheTvDB.com"
    ]
   }, 
   {
    "id": "tvdb_retry_eng", 
    "type": "bool", 
    "label": "Ricerca in inglese se non ci sono risultati in italiano", 
    "default": "true", 
    "enabled": "eq(-1,TheTvDB.com)", 
    "visible": "true"
   }
  ]
 }
}
