{
	"id": "cinemastreaming",
	"name": "Cinemastreaming",
	"language": ["it"],
	"active": true,
	"adult": false,
	"thumbnail": "https://www.telegramitalia.it/wp-content/uploads/2018/02/IMG_20180222_214809_805.jpg",
	"banner": "https://www.telegramitalia.it/wp-content/uploads/2018/02/IMG_20180222_214809_805.jpg",
	"categories": [
	  "tvshow", "movie"
	],
	"settings": [
		{
		  "id": "include_in_global_search",
		  "type": "bool",
		  "label": "Incluir en busqueda global",
		  "default": false,
		  "enabled": false,
		  "visible": false
		}
	  ]
}
