{
  "id": "cinemalibero", 
  "name": "Cinemalibero", 
  "active": true, 
  "adult": false, 
  "language": ["it"], 
  "thumbnail": "https://www.cinemalibero.club/wp-content/themes/Cinemalibero/images/logo.png", 
  "banner": "https://www.cinemalibero.club/wp-content/themes/Cinemalibero/images/logo.png", 
  "version": "5", 
  "date": "02/07/2017", 
  "categories": [
    "tvshow", 
    "movie"
   ], 
  "settings": [
  {
    "id": "include_in_global_search", 
    "type": "bool", 
    "label": "Includi ricerca globale", 
    "default": false, 
    "enabled": false, 
    "visible": false
  }
]
}
