{
	"id": "documentaristreaming",
	"name": "Documentari Streaming",
	"language": ["it"],
	"active": true,
	"adult": false,
	"language": "it",
	"thumbnail": "https://raw.githubusercontent.com/Zanzibar82/images/master/posters/documentaristreaming.png",
	"banner": "https://raw.githubusercontent.com/Zanzibar82/images/master/posters/documentaristreaming.png",
	"version": "7", 
	"date": "26/05/2017", 
	"changes": "re-added", 	
	"categories": ["documentary"],
	"settings": [
		{
		  "id": "include_in_global_search",
		  "type": "bool",
		  "label": "Incluir en busqueda global",
		  "default": false,
		  "enabled": false,
		  "visible": false
		}
	]
}
