{
    "id": "downloadme",
    "name": "DownloadMe",
    "active": true,
    "adult": false,
    "language": [
        "it"
    ],
    "thumbnail": "https://www.downloadme.gratis/wp-content/uploads/2018/07/downloadme-retina-cropped-alternativo.png",
    "bannermenu": "https://www.downloadme.gratis/wp-content/uploads/2018/07/downloadme-retina-cropped-alternativo.png",
    "categories": [
        "movie"
    ],
    "settings": [
        {
            "id": "include_in_global_search",
            "type": "bool",
            "label": "Includi ricerca globale",
            "default": false,
            "enabled": false,
            "visible": false
        }
    ]
}
