{
	"id": "fastsubita",
	"name": "Fastsubita",
	"language": ["it"],
	"active": true,
	"adult": false,
	"thumbnail": "http://fastsubita.ml/wp-content/uploads/2017/10/Untitled-222255xxx.jpg",
	"banner": "http://fastsubita.ml/wp-content/uploads/2017/10/Untitled-222255xxx.jpg",
	"version": "2", 
	"date": "03/06/2017", 
	"changes": "New", 
	"categories": ["tvshow","vos","top channels"	],
	"settings": [
		{
		  "id": "include_in_global_search",
		  "type": "bool",
		  "label": "Includi ricerca globale",
		  "default": true,
		  "enabled": true,
		  "visible": true
		},
		{
		  "id": "include_in_newest_film",
		  "type": "bool",
		  "label": "Includi in novità - Serie TV",
		  "default": true,
		  "enabled": true,
		  "visible": true
		}
	  ]
}
