{
    "id": "filmissimi",
    "name": "Filmissimi",
    "active": true,
    "adult": false,
    "language": [
        "it"
    ],
    "thumbnail": "http:\/\/www.filmissimi.net\/wp-content\/uploads\/2015\/10\/Logo3.png",
    "bannermenu": "http:\/\/www.filmissimi.net\/wp-content\/uploads\/2015\/10\/Logo3.png",
    "categories": [
        "tvshow",
        "movie"
    ],
    "settings": [
        {
            "id": "include_in_global_search",
            "type": "bool",
            "label": "Includi ricerca globale",
            "default": true,
            "enabled": true,
            "visible": true
        },
        {
            "id": "include_in_newest_film",
            "type": "bool",
            "label": "Includi in novità - film",
            "default": true,
            "enabled": true,
            "visible": true
        }
    ]
}
