{
    "id": "filmstreaminggratis",
    "name": "FilmStreamingGratis",
    "active": true,
    "adult": false,
    "language": [
        "it"
    ],
    "thumbnail": "http:\/\/www.filmstreaminggratis.org\/wp-content\/uploads\/2016\/10\/filmstreaminglogo.png",
    "bannermenu": "http:\/\/www.filmstreaminggratis.org\/wp-content\/uploads\/2016\/10\/filmstreaminglogo.png",
    "categories": [
        "movie"
    ],
    "settings": [
        {
            "id": "include_in_global_search",
            "type": "bool",
            "label": "Includi ricerca globale",
            "default": true,
            "enabled": true,
            "visible": true
        },
        {
            "id": "include_in_newest_film",
            "type": "bool",
            "label": "Includi in novità - film",
            "default": true,
            "enabled": true,
            "visible": true
        }
    ]
}
