{
    "id": "filmzstreaming",
    "name": "Filmzstreaming",
    "active": true,
    "adult": false,
    "language": [
        "it"
    ],
    "thumbnail": "https:\/\/filmzstreaming.pw\/wp-content\/uploads\/2017\/10\/FilmZStreaming-2.png",
    "bannermenu": "https:\/\/filmzstreaming.pw\/wp-content\/uploads\/2017\/10\/FilmZStreaming-2.png",
    "categories": ["movie", "tvshow"],
    "settings": [
        {
            "id": "include_in_global_search",
            "type": "bool",
            "label": "Includi ricerca globale",
            "default": true,
            "enabled": true,
            "visible": true
        }
    ]
}
