{
  "id": "filmsenzalimiti",
  "name": "Filmsenzalimiti",
  "active": true,
  "adult": false,
  "language": ["ita"],
  "thumbnail": "https://www.tecnoyouth.it/wp-content/uploads/2015/03/film-senza-limiti.png",
  "banner": "https://www.tecnoyouth.it/wp-content/uploads/2015/03/film-senza-limiti.png",
  "categories": ["tvshow","movie","top channels"],
  "settings": [
			{
			"id": "include_in_global_search",
			"type": "bool",
			"label": "Incluir en busqueda global",
			"default": true,
			"enabled": true,
			"visible": true
		},
		{
			"id": "include_in_newest_film",
			"type": "bool",
			"label": "Incluir en Novedades - Peliculas",
			"default": true,
			"enabled": true,
			"visible": true
		},
		{
			"id": "include_in_newest_series",
			"type": "bool",
			"label": "Incluir en Novedades - Series",
			"default": true,
			"enabled": true,
			"visible": true
		}
		
	]
}
