{
	"id": "filmgratis",
	"name": "Filmgratis",
	"language": ["it"],
	"active": true,
	"adult": false,
	"thumbnail": "https://www.filmgratis.video/templates/itafilm/images/logo.png",
	"banner": "https://www.filmgratis.video/templates/itafilm/images/logo.png",
	"version": "1", 
	"date": "15/09/2017", 
	"changes": "Re-enabled Channel", 
	"categories": ["movie"],
	"settings": [
		{
		  "id": "include_in_global_search",
		  "type": "bool",
		  "label": "Includi ricerca globale",
		  "default": true,
		  "enabled": true,
		  "visible": true
		},
		{
		  "id": "include_in_newest_film",
		  "type": "bool",
		  "label": "Includi in novità - film",
		  "default": true,
		  "enabled": true,
		  "visible": true
		}
	  ]
}
