{
    "id": "guardarefilm",
    "name": "Guardarefilm",
    "active": true,
    "adult": false,
    "language": [
        "it"
    ],
    "thumbnail": "https:\/\/raw.githubusercontent.com\/Zanzibar82\/images\/master\/posters\/guardarefilm.png",
    "bannermenu": "https:\/\/raw.githubusercontent.com\/Zanzibar82\/images\/master\/posters\/guardarefilm.png",
    "categories": [
        "tvshow",
        "movie"
    ],
    "settings": [
        {
            "id": "include_in_global_search",
            "type": "bool",
            "label": "Includi ricerca globale",
            "default": false,
            "enabled": false,
            "visible": false
        },
        {
            "id": "include_in_newest_film",
            "type": "bool",
            "label": "Includi in novità - film",
            "default": true,
            "enabled": true,
            "visible": true
        }
    ]
}
