{
  "id": "ilgeniodellostreaming",
  "name": "IlGenioDelloStreaming",
  "active": true,
  "adult": false,
  "language": ["it"],
  "thumbnail": "https://i.imgur.com/Nsa81r0.png",
  "banner": "https://i.imgur.com/Nsa81r0.png",
  "categories": [
    "movie",
    "tvshow",
	"anime"
  ],
  "settings": [
    {
      "id": "include_in_global_search",
      "type": "bool",
      "label": "Includi ricerca globale",
      "default": true,
      "enabled": true,
      "visible": true
    },
    {
      "id": "include_in_newest_film",
      "type": "bool",
      "label": "Includi in novità - Film",
      "default": true,
      "enabled": true,
      "visible": true
    }
    
    
    
    
    
    
  ]
}