{
    "id": "italiafilmhd",
    "name": "ItaliaFilm HD",
    "active": true,
    "adult": false,
    "language": [
        "it"
    ],
    "thumbnail": "https://italiafilm.network/wp-content/uploads/2018/06/ITALIAFILM-HD.png",
    "bannermenu": "https://italiafilm.network/wp-content/uploads/2018/06/ITALIAFILM-HD.png",
    "categories": [
        "movie"
    ],
    "settings": [
        {
            "id": "include_in_global_search",
            "type": "bool",
            "label": "Includi ricerca globale",
            "default": true,
            "enabled": true,
            "visible": true
        },
        {
            "id": "include_in_newest_film",
            "type": "bool",
            "label": "Includi in novità - film",
            "default": true,
            "enabled": true,
            "visible": true
        }
    ]
}
