{
    "id": "itastreaming",
    "name": "ItaStreaming",
    "active": true,
    "adult": false,
    "language": [
        "it"
    ],
    "thumbnail": "https:\/\/raw.githubusercontent.com\/Zanzibar82\/images\/master\/posters\/itastreaming.png",
    "bannermenu": "https:\/\/raw.githubusercontent.com\/Zanzibar82\/images\/master\/posters\/itastreaming.png",
    "categories": [
        "movie",
        "cult"
    ],
    "settings": [
        {
            "id": "include_in_global_search",
            "type": "bool",
            "label": "Includi ricerca globale",
            "default": true,
            "enabled": true,
            "visible": true
        },
        {
            "id": "include_in_newest_film",
            "type": "bool",
            "label": "Includi in novità - film",
            "default": true,
            "enabled": true,
            "visible": true
        }
    ]
}
