{
    "id": "itflix",
    "name": "Itflix*",
    "active": true,
    "adult": false,
    "language": [
        "it"
    ],
    "thumbnail": "http:\/\/www.itflix.stream\/wp-content\/uploads\/2018\/01\/logo_dt.png",
    "bannermenu": "http:\/\/www.itflix.stream\/wp-content\/uploads\/2018\/01\/logo_dt.png",
    "categories": [
        "movie"
    ],
    "settings": [
        {
            "id": "include_in_global_search",
            "type": "bool",
            "label": "Includi ricerca globale",
            "default": true,
            "enabled": true,
            "visible": true
        }
    ]
}
