{
    "id": "linkstreaming",
    "name": "LinkStreaming",
    "active": true,
    "adult": false,
    "language": [
        "it"
    ],
    "thumbnail": "https:\/\/www.linkstreaming.tv\/wp-content\/themes\/linkstream\/img\/logo.png",
    "bannermenu": "https:\/\/www.linkstreaming.tv\/wp-content\/themes\/linkstream\/img\/logo.png",
    "categories": [
        "movie",
        "tvshow"
    ],
    "settings": [
        {
            "id": "include_in_global_search",
            "type": "bool",
            "label": "Includi ricerca globale",
            "default": false,
            "enabled": false,
            "visible": false
        },
        {
            "id": "include_in_newest_series",
            "type": "bool",
            "label": "Includi in novità - Serie TV",
            "default": true,
            "enabled": true,
            "visible": true
        },
        {
            "id": "include_in_newest_film",
            "type": "bool",
            "label": "Includi in novità - film",
            "default": false,
            "enabled": false,
            "visible": false
        }
    ]
}
