{
	"id": "mondolunatico",
	"name": "Mondo Lunatico",
	"language": ["it"],
	"active": true,
	"adult": false,
	"thumbnail": "http://mondolunatico.org/wp-content/uploads/2016/02/images-111.jpg",
	"banner": "http://mondolunatico.org/wp-content/uploads/2016/02/images-111.jpg",
	"categories": [
	  "tvshow", "movie", "cult"
	],
	"settings": [
		{
		  "id": "include_in_global_search",
		  "type": "bool",
		  "label": "Incluir en busqueda global",
		  "default": true,
		  "enabled": true,
		  "visible": true
		}
	  ]
}

