{
	"id": "occhiodelwrestling",
	"name": "Occhio Del Wrestling",
	"language": ["it"],
	"active": true,
	"adult": false,
	"language": "it",
	"thumbnail": "http://www.wrestlingrevolution.it/images/new/slideshow/occhiodelwrestling.jpg",
	"banner": "http://www.wrestlingrevolution.it/images/new/slideshow/occhiodelwrestling.jpg",
	"version": "7", 
	"date": "26/05/2017", 
	"changes": "re-added", 	
	"categories": ["documentary"],
	"settings": [
		{
		  "id": "include_in_global_search",
		  "type": "bool",
		  "label": "Incluir en busqueda global",
		  "default": false,
		  "enabled": false,
		  "visible": false
		}
	]
}

