{
  "id": "seriehd",
  "name": "SerieHD",
  "active": true,
  "adult": false,
  "language": ["ita"],
  "thumbnail": "https://raw.githubusercontent.com/Zanzibar82/images/master/posters/seriehd.png",
  "banner": "https://raw.githubusercontent.com/Zanzibar82/images/master/posters/seriehd.png",
  "categories": [
    "tvshow"
    
  ],
  "settings": [
			{
			"id": "include_in_global_search",
			"type": "bool",
			"label": "Includi nella ricerca globale",
			"default": true,
			"enabled": true,
			"visible": true
		}
	]
}
