{
    "id": "serietvonline",
    "name": "SerieTvOnline",
    "active": true,
    "adult": false,
    "language": [
        "it"
    ],
    "thumbnail": "https:\/\/serietvonline.com\/wp-content\/uploads\/2016\/08\/logo2016-1.png",
    "bannermenu": "https:\/\/serietvonline.com\/wp-content\/uploads\/2016\/08\/logo2016-1.png",
    "categories": [
        "anime",
        "tvshow",
        "cult"
    ],
    "settings": [
        {
            "id": "include_in_global_search",
            "type": "bool",
            "label": "Includi ricerca globale",
            "default": true,
            "enabled": true,
            "visible": true
        }
    ]
}
