{
  "id": "videolibrary",
  "name": "Videoteca",
  "active": false,
  "adult": false,
  "language": ["*"],
  "settings": [
    {
      "id": "update",
      "type": "list",
      "label": "$ADDON[plugin.video.icarus 60601]",
      "default": 1,
      "visible": true,
      "lvalues": [
        "$ADDON[plugin.video.icarus 60602]",
        "$ADDON[plugin.video.icarus 60603]",
        "$ADDON[plugin.video.icarus 60604]",
        "$ADDON[plugin.video.icarus 60605]"
      ]
    },
    {
      "id": "update_wait",
      "type": "list",
      "label": "$ADDON[plugin.video.icarus 60606]",
      "default": 0,
      "visible": true,
      "enabled": "eq(-1,$ADDON[plugin.video.icarus 60603])|eq(-1,$ADDON[plugin.video.icarus 60605])",
      "lvalues": [
        "No",
        "$ADDON[plugin.video.icarus 60609]",
        "$ADDON[plugin.video.icarus 60610]",
        "$ADDON[plugin.video.icarus 60611]",
        "$ADDON[plugin.video.icarus 60612]"
      ]
    },
    {
      "id": "everyday_delay",
      "type": "list",
      "label": "$ADDON[plugin.video.icarus 60613]",
      "default": 1,
      "visible": true,
      "enabled": "eq(-2,$ADDON[plugin.video.icarus 60604])|eq(-2,$ADDON[plugin.video.icarus 60605])",
      "lvalues": [
        "00:00",
        "04:00",
        "08:00",
        "12:00"
      ]
    },
    {
      "id": "updatetvshows_interval",
      "type": "list",
      "label": "$ADDON[plugin.video.icarus 60614]",
      "default": 0,
      "visible": true,
      "enabled": "!eq(-3,$ADDON[plugin.video.icarus 60615])",
      "lvalues": [
        "$ADDON[plugin.video.icarus 60616]",
        "$ADDON[plugin.video.icarus 60617]"
      ]
    },
    {
      "id": "search_new_content",
      "type": "list",
      "label": "$ADDON[plugin.video.icarus 60618]",
      "default": 0,
      "enabled": "!eq(-4,$ADDON[plugin.video.icarus 60615])",
      "lvalues": [
        "$ADDON[plugin.video.icarus 60619]",
        "$ADDON[plugin.video.icarus 60620]"
      ]
    },
    {
      "id": "addition",
      "type": "label",
      "label": "$ADDON[plugin.video.icarus 70092]",
      "enabled": true,
      "visible": true
    },
    {
      "id": "enable_filter",
      "type": "bool",
      "label": "$ADDON[plugin.video.icarus 70090]",
      "enabled": true,
      "visible": true,
      "default": false
    },
    {
      "id": "filters",
      "type": "text",
      "label": "$ADDON[plugin.video.icarus 70091]",
      "visible": true,
      "enabled": "eq(-1,true)"
    },
    
    {
      "id": "window_type",
      "type": "list",
      "label": "$ADDON[plugin.video.icarus 60621]",
      "default": 0,
      "enabled": true,
      "visible": true,
      "lvalues": [
        "$ADDON[plugin.video.icarus 60622]",
        "$ADDON[plugin.video.icarus 60623]"
      ]
    },
    {
      "id": "max_links",
      "type": "list",
      "label": "$ADDON[plugin.video.icarus 60624]",
      "default": 0,
      "enabled": true,
      "visible": true,
      "lvalues": [
        "$ADDON[plugin.video.icarus 60625]",
        "30",
        "60",
        "90",
        "120",
        "150",
        "180",
        "210"
      ]
    },
    {
      "id": "white_list_order",
      "type": "bool",
      "label": "$ADDON[plugin.video.icarus 60626]",
      "enabled": true,
      "visible": true,
      "default": false
    },
    {
      "id": "quit_channel_name",
      "type": "bool",
      "label": "$ADDON[plugin.video.icarus 60627]",
      "enabled": true,
      "visible": true,
      "default": false
    },
    {
      "id": "replace_VD",
      "type": "bool",
      "label": "$ADDON[plugin.video.icarus 60628]",
      "enabled": true,
      "visible": true,
      "default": false
    },
    {
      "id": "db_mode",
      "type": "list",
      "label": "$ADDON[plugin.video.icarus 60629]",
      "default": 0,
      "enabled": true,
      "visible": true,
      "lvalues": [
        "$ADDON[plugin.video.icarus 60630]",
        "$ADDON[plugin.video.icarus 60631]"
      ]
    },
    {
      "id": "xbmc_host",
      "type": "text",
      "label": "$ADDON[plugin.video.icarus 60632]",
      "visible": true,
      "enabled": "eq(-1,Remota)"
    },
    {
      "id": "xbmc_puerto",
      "type": "text",
      "label": "$ADDON[plugin.video.icarus 60633]",
      "enabled": "!eq(-1,'')",
      "visible": true
    },
    {
      "id": "mark_as_watched",
      "type": "bool",
      "label": "$ADDON[plugin.video.icarus 60634]",
      "default": true,
      "enabled": true,
      "visible": true
    },
    {
      "id": "watched_setting",
      "type": "list",
      "label": "$ADDON[plugin.video.icarus 60635]",
      "default": 3,
      "visible": true,
      "enabled": "eq(-1,true)",
      "lvalues": [
        "5 min",
        "30%",
        "50%",
        "80%",
        "$ADDON[plugin.video.icarus 60636]"
      ]
    },
    {
      "id": "sync_trakt",
      "type": "label",
      "label": "$ADDON[plugin.video.icarus 60637]",
      "enabled": true,
      "visible": true
    },
    {
      "id": "sync_trakt_watched",
      "type": "bool",
      "label": "$ADDON[plugin.video.icarus 60638]",
      "default": false,
      "visible": true,
      "enabled": "eq(-3,true)"
    },
    {
      "id": "sync_trakt_notification",
      "type": "bool",
      "label": "$ADDON[plugin.video.icarus 60639]",
      "default": true,
      "visible": true,
      "enabled": "eq(-1,true)"
    },
    {
      "id": "sync_trakt_new_tvshow",
      "type": "bool",
      "label": "$ADDON[plugin.video.icarus 60640]",
      "default": false,
      "enabled": true,
      "visible": true
    },
    {
      "id": "sync_trakt_new_tvshow_wait",
      "type": "bool",
      "label": "$ADDON[plugin.video.icarus 60641]",
      "default": true,
      "visible": true,
      "enabled": "eq(-1,true)"
    },
    {
      "id": "show_all_seasons",
      "type": "bool",
      "label": "$ADDON[plugin.video.icarus 60642]",
      "default": true
    },
    {
      "id": "no_pile_on_seasons",
      "type": "list",
      "label": "$ADDON[plugin.video.icarus 60643]",
      "default": 1,
      "lvalues": [
        "$ADDON[plugin.video.icarus 60648]",
        "$ADDON[plugin.video.icarus 60644]",
        "$ADDON[plugin.video.icarus 60616]"
      ]
    },
    {
      "id": "ask_channel",
      "type": "bool",
      "label": "$ADDON[plugin.video.icarus 60645]",
      "default": false
    },
    {
      "id": "original_title_folder",
      "type": "list",
      "label": "$ADDON[plugin.video.icarus 60646]",
      "default": 0,
      "lvalues": [
        "$ADDON[plugin.video.icarus 60647]",
        "$ADDON[plugin.video.icarus 60649]"
      ]
    },
    {
      "id": "lab_1",
      "type": "label",
      "label": "$ADDON[plugin.video.icarus 60650]",
      "enabled": true,
      "visible": true
    },
    {
      "id": "scraper_movies",
      "type": "list",
      "label": "$ADDON[plugin.video.icarus 60651]",
      "enabled": false,
      "default": 0,
      "lvalues": [
        "TheMovieDB.org",
        "None"
      ]
    },
    {
      "id": "scraper_tvshows",
      "type": "list",
      "label": "$ADDON[plugin.video.icarus 60652]",
      "default": 0,
      "lvalues": [
        "TheMovieDB.org",
        "TheTvDB.com"
      ]
    },
    {
      "id": "tvdb_retry_eng",
      "type": "bool",
      "label": "$ADDON[plugin.video.icarus 60653]",
      "default": true,
      "enabled": "eq(-1,TheTvDB.com)",
      "visible": true
    }
  ]
}