{
	"id": "videotecadiclasse",
	"name": "Videotecadiclasse",
	"language": ["it"],
	"active": true,
	"adult": false,
	"thumbnail": "http://png.clipart.me/istock/previews/9288/92881779-megaphone-loudspeaker-bullhorn-announcement-alert.jpg",
	"banner": "http://png.clipart.me/istock/previews/9288/92881779-megaphone-loudspeaker-bullhorn-announcement-alert.jpg",
	"categories": ["cult","vos","movie"],
	"settings": [
		{
		  "id": "include_in_global_search",
		  "type": "bool",
		  "label": "Includi ricerca globale",
		  "default": false,
		  "enabled": false,
		  "visible": false
		}
	  ]
}

